ano;disciplina;conteudo
1º ANO ENSINO MÉDIO;LÍNGUA PORTUGUESA;LÍNGUA PORTUGUESA
1º ANO ENSINO MÉDIO;LÍNGUA PORTUGUESA;Análise linguística
1º ANO ENSINO MÉDIO;LÍNGUA PORTUGUESA;Fatores de textualidade
1º ANO ENSINO MÉDIO;LÍNGUA PORTUGUESA;Progressão textual: a coesão
1º ANO ENSINO MÉDIO;LÍNGUA PORTUGUESA;Progressão textual: a coerência
1º ANO ENSINO MÉDIO;LÍNGUA PORTUGUESA;Interdiscursividade e intertextualidade
1º ANO ENSINO MÉDIO;LÍNGUA PORTUGUESA;Procedimentos de apreensão e compreensão
1º ANO ENSINO MÉDIO;LÍNGUA PORTUGUESA;Linguagem figurada
1º ANO ENSINO MÉDIO;LÍNGUA PORTUGUESA;Figuras de linguagem I: relações de semelhança
1º ANO ENSINO MÉDIO;LÍNGUA PORTUGUESA;Figuras de linguagem II: relações de implicação mútua e de intensidade
1º ANO ENSINO MÉDIO;LÍNGUA PORTUGUESA;Figuras de linguagem III: relações de oposição
1º ANO ENSINO MÉDIO;LÍNGUA PORTUGUESA;Figuras de linguagem IV: relações de repetição e de sonoridade
1º ANO ENSINO MÉDIO;LÍNGUA PORTUGUESA;Inferência de temas em textos figurativos
1º ANO ENSINO MÉDIO;LÍNGUA PORTUGUESA;Variação linguística: visões sobre o fenômeno
1º ANO ENSINO MÉDIO;LÍNGUA PORTUGUESA;Variedades linguísticas: língua e identidade
1º ANO ENSINO MÉDIO;LÍNGUA PORTUGUESA;Variação situacional: modalidade e registro
1º ANO ENSINO MÉDIO;LÍNGUA PORTUGUESA;Estudo das estruturas linguísticas: formas, funções e valores
1º ANO ENSINO MÉDIO;LÍNGUA PORTUGUESA;Classes nominais I: substantivo, adjetivo, artigo e numeral
1º ANO ENSINO MÉDIO;LÍNGUA PORTUGUESA;Classes nominais II: pronomes
1º ANO ENSINO MÉDIO;LÍNGUA PORTUGUESA;Verbo: formas e propriedades
1º ANO ENSINO MÉDIO;LÍNGUA PORTUGUESA;Advérbio: valores e funções
1º ANO ENSINO MÉDIO;LÍNGUA PORTUGUESA;Classes de conexão I: causalidade, explicação e oposição
1º ANO ENSINO MÉDIO;LÍNGUA PORTUGUESA;Classes de conexão II: outros valores semânticos
1º ANO ENSINO MÉDIO;LÍNGUA PORTUGUESA;Literatura e Arte
1º ANO ENSINO MÉDIO;LÍNGUA PORTUGUESA;Arte como linguagem
1º ANO ENSINO MÉDIO;LÍNGUA PORTUGUESA;Gêneros literários clássicos
1º ANO ENSINO MÉDIO;LÍNGUA PORTUGUESA;Renascimento artístico e cultural: épica e lírica de Luís de Camões
1º ANO ENSINO MÉDIO;LÍNGUA PORTUGUESA;Primeiras manifestações culturais no Brasil
1º ANO ENSINO MÉDIO;LÍNGUA PORTUGUESA;O Barroco: sermões de Antônio
1º ANO ENSINO MÉDIO;LÍNGUA PORTUGUESA;Vieira e poesia de Gregório de Matos
1º ANO ENSINO MÉDIO;LÍNGUA PORTUGUESA;O Arcadismo e a sistematização da literatura brasileira
1º ANO ENSINO MÉDIO;LÍNGUA PORTUGUESA;Romantismo: a estética romântica
1º ANO ENSINO MÉDIO;LÍNGUA PORTUGUESA;Romantismo: Gerações românticas
1º ANO ENSINO MÉDIO;LÍNGUA PORTUGUESA;Romantismo: Prosa romântica brasileira – Alencar e Manuel Antônio de Almeida
1º ANO ENSINO MÉDIO;LÍNGUA PORTUGUESA;A estética realista
1º ANO ENSINO MÉDIO;LÍNGUA PORTUGUESA;A estética realista: Eça de Queirós
1º ANO ENSINO MÉDIO;LÍNGUA PORTUGUESA;Visão crítica da realidade: Machado de Assis
1º ANO ENSINO MÉDIO;LÍNGUA PORTUGUESA;O cientificismo e o Naturalismo brasileiro
1º ANO ENSINO MÉDIO;LÍNGUA PORTUGUESA;Produção de texto
1º ANO ENSINO MÉDIO;LÍNGUA PORTUGUESA;Fala e escrita
1º ANO ENSINO MÉDIO;LÍNGUA PORTUGUESA;Gêneros textuais
1º ANO ENSINO MÉDIO;LÍNGUA PORTUGUESA;Tecnologias Digitais da Informação e da Comunicação
1º ANO ENSINO MÉDIO;LÍNGUA PORTUGUESA;Redes sociais
1º ANO ENSINO MÉDIO;LÍNGUA PORTUGUESA;A linguagem no universo digital
1º ANO ENSINO MÉDIO;LÍNGUA PORTUGUESA;Pós-verdade e fake News
1º ANO ENSINO MÉDIO;LÍNGUA PORTUGUESA;Introdução aos gêneros eletrônicos
1º ANO ENSINO MÉDIO;LÍNGUA PORTUGUESA;Áudio e vídeo
1º ANO ENSINO MÉDIO;LÍNGUA PORTUGUESA;Rádio e TV
1º ANO ENSINO MÉDIO;LÍNGUA PORTUGUESA;Podcast e YouTube
1º ANO ENSINO MÉDIO;LÍNGUA PORTUGUESA;Jornais e revistas
1º ANO ENSINO MÉDIO;LÍNGUA PORTUGUESA;Diagramação e significado
1º ANO ENSINO MÉDIO;LÍNGUA PORTUGUESA;Atividades de criação
1º ANO ENSINO MÉDIO;LÍNGUA PORTUGUESA;LÍNGUA INGLESA
1º ANO ENSINO MÉDIO;LÍNGUA PORTUGUESA;Text Comprehension: Reading and Understanding Multiple Text Genres
1º ANO ENSINO MÉDIO;LÍNGUA PORTUGUESA;"Text Comprehension; Personal and Reflexive Pronouns"
1º ANO ENSINO MÉDIO;LÍNGUA PORTUGUESA;"Possessive Adjectives and Pronouns; “this/that/these/those”; “One”; “Ones"
1º ANO ENSINO MÉDIO;LÍNGUA PORTUGUESA;"Text Comprehension; Simple Present; Present Continuous"
1º ANO ENSINO MÉDIO;LÍNGUA PORTUGUESA;"Simple Future; “Going to” Future"
1º ANO ENSINO MÉDIO;LÍNGUA PORTUGUESA;"Text Comprehension; Simple Past"
1º ANO ENSINO MÉDIO;LÍNGUA PORTUGUESA;Past Continuous
1º ANO ENSINO MÉDIO;LÍNGUA PORTUGUESA;Past Perfect
1º ANO ENSINO MÉDIO;LÍNGUA PORTUGUESA;Text Comprehension, Plural of Nouns
1º ANO ENSINO MÉDIO;LÍNGUA PORTUGUESA;Quantifiers
1º ANO ENSINO MÉDIO;LÍNGUA PORTUGUESA;"Text Comprehension; Interrogatives"
1º ANO ENSINO MÉDIO;LÍNGUA PORTUGUESA;"Text Comprehension; Relative Pronouns"
1º ANO ENSINO MÉDIO;LÍNGUA PORTUGUESA;"Text Comprehension; Indefinite Adjectives and Pronouns"
1º ANO ENSINO MÉDIO;LÍNGUA PORTUGUESA;"Text Comprehension; Degrees of Adjectives"
1º ANO ENSINO MÉDIO;LÍNGUA PORTUGUESA;"Text Comprehension; Prepositions"
1º ANO ENSINO MÉDIO;LÍNGUA PORTUGUESA;"Text Comprehension; Modal Verbs"
1º ANO ENSINO MÉDIO;MATEMÁTICA;Potências de expoente de número inteiro
1º ANO ENSINO MÉDIO;MATEMÁTICA;Potências de expoente racional
1º ANO ENSINO MÉDIO;MATEMÁTICA;Técnicas algébricas
1º ANO ENSINO MÉDIO;MATEMÁTICA;Igualdades e desigualdades
1º ANO ENSINO MÉDIO;MATEMÁTICA;Modelagem algébrica de problemas
1º ANO ENSINO MÉDIO;MATEMÁTICA;Equações do 2º grau
1º ANO ENSINO MÉDIO;MATEMÁTICA;Introdução às funções
1º ANO ENSINO MÉDIO;MATEMÁTICA;Composição de funções
1º ANO ENSINO MÉDIO;MATEMÁTICA;Inversão de funções
1º ANO ENSINO MÉDIO;MATEMÁTICA;Função constante e função afim
1º ANO ENSINO MÉDIO;MATEMÁTICA;Função quadrática
1º ANO ENSINO MÉDIO;MATEMÁTICA;Introdução ao modelo exponencial
1º ANO ENSINO MÉDIO;MATEMÁTICA;Introdução aos logaritmos
1º ANO ENSINO MÉDIO;MATEMÁTICA;Equação e função Logarítmica
1º ANO ENSINO MÉDIO;MATEMÁTICA;Modelagem exponencial de problemas
1º ANO ENSINO MÉDIO;MATEMÁTICA;Sequências: progressão aritmética
1º ANO ENSINO MÉDIO;MATEMÁTICA;Sequências: progressão geométrica
1º ANO ENSINO MÉDIO;MATEMÁTICA;Matemática B
1º ANO ENSINO MÉDIO;MATEMÁTICA;Estatística: análise de dados
1º ANO ENSINO MÉDIO;MATEMÁTICA;Variações e proporcionalidade
1º ANO ENSINO MÉDIO;MATEMÁTICA;Grandezas proporcionais
1º ANO ENSINO MÉDIO;MATEMÁTICA;Porcentagem
1º ANO ENSINO MÉDIO;MATEMÁTICA;Ângulos em figuras planas
1º ANO ENSINO MÉDIO;MATEMÁTICA;Simetrias e congruências
1º ANO ENSINO MÉDIO;MATEMÁTICA;Segmentos proporcionais
1º ANO ENSINO MÉDIO;MATEMÁTICA;Semelhança de triângulos
1º ANO ENSINO MÉDIO;MATEMÁTICA;O triângulo retângulo
1º ANO ENSINO MÉDIO;MATEMÁTICA;Relações trigonométricas em polígonos
1º ANO ENSINO MÉDIO;MATEMÁTICA;Polígonos regulares e circunferência
1º ANO ENSINO MÉDIO;MATEMÁTICA;Áreas de polígonos
1º ANO ENSINO MÉDIO;MATEMÁTICA;Área do círculo e de suas Partes
1º ANO ENSINO MÉDIO;MATEMÁTICA;Razões entre áreas de figuras planas
1º ANO ENSINO MÉDIO;MATEMÁTICA;Áreas de figuras planas
1º ANO ENSINO MÉDIO;QUÍMICA;Origem dos modelos atômicos
1º ANO ENSINO MÉDIO;QUÍMICA;Características atômicas
1º ANO ENSINO MÉDIO;QUÍMICA;Modelo atômico de Bohr e distribuição eletrônica
1º ANO ENSINO MÉDIO;QUÍMICA;Tabela periódica e algumas propriedades periódicas
1º ANO ENSINO MÉDIO;QUÍMICA;Ligação iônica
1º ANO ENSINO MÉDIO;QUÍMICA;Ligação covalente
1º ANO ENSINO MÉDIO;QUÍMICA;Ligação metálica
1º ANO ENSINO MÉDIO;QUÍMICA;Alotropia e algumas propriedades das substâncias
1º ANO ENSINO MÉDIO;QUÍMICA;Forma e polaridade das moléculas
1º ANO ENSINO MÉDIO;QUÍMICA;Interações intermoleculares
1º ANO ENSINO MÉDIO;QUÍMICA;Radioatividade
1º ANO ENSINO MÉDIO;QUÍMICA;Leis Ponderais
1º ANO ENSINO MÉDIO;QUÍMICA;Cálculo estequiométrico: introdução
1º ANO ENSINO MÉDIO;QUÍMICA;Cálculo estequiométrico: reações com reagente limitante
1º ANO ENSINO MÉDIO;QUÍMICA;Cálculo estequiométrico: pureza dos reagentes e rendimento das reações
1º ANO ENSINO MÉDIO;QUÍMICA;Classificação das soluções e coeficiente de solubilidade
1º ANO ENSINO MÉDIO;QUÍMICA;Concentração de soluções: m/v e porcentagens
1º ANO ENSINO MÉDIO;QUÍMICA;Concentração de soluções: ppm e ppb
1º ANO ENSINO MÉDIO;QUÍMICA;Concentração de soluções: mol/L
1º ANO ENSINO MÉDIO;QUÍMICA;Relação entre unidades de concentração
1º ANO ENSINO MÉDIO;QUÍMICA;Manipulando soluções: diluição
1º ANO ENSINO MÉDIO;QUÍMICA;Manipulando soluções: mistura de soluções
1º ANO ENSINO MÉDIO;QUÍMICA;Manipulando soluções: titulação
1º ANO ENSINO MÉDIO;QUÍMICA;Pressão de vapor
1º ANO ENSINO MÉDIO;QUÍMICA;Símbolos e fórmulas químicas
1º ANO ENSINO MÉDIO;QUÍMICA;Classificação, características e propriedades físicas de sistemas
1º ANO ENSINO MÉDIO;QUÍMICA;Separação de misturas de sistemas heterogêneos
1º ANO ENSINO MÉDIO;QUÍMICA;Separação de misturas: sistemas homogêneos
1º ANO ENSINO MÉDIO;QUÍMICA;Equações químicas
1º ANO ENSINO MÉDIO;QUÍMICA;Aspectos quantitativos da matéria
1º ANO ENSINO MÉDIO;QUÍMICA;Introdução a Química Inorgânica
1º ANO ENSINO MÉDIO;QUÍMICA;Ácidos de Arrhenius
1º ANO ENSINO MÉDIO;QUÍMICA;Bases de Arrhenius
1º ANO ENSINO MÉDIO;QUÍMICA;Reações de neutralização
1º ANO ENSINO MÉDIO;QUÍMICA;Sais de Arrhenius
1º ANO ENSINO MÉDIO;QUÍMICA;Óxidos
1º ANO ENSINO MÉDIO;QUÍMICA;Algumas reações inorgânicas
1º ANO ENSINO MÉDIO;FÍSICA;A origem do Universo: a mitologia e o método científico
1º ANO ENSINO MÉDIO;FÍSICA;Interações entre corpos: causas e efeitos
1º ANO ENSINO MÉDIO;FÍSICA;O conceito de resultante e como obtê-la
1º ANO ENSINO MÉDIO;FÍSICA;As tendências naturais de movimento dos corpos
1º ANO ENSINO MÉDIO;FÍSICA;Condições para que um corpo em repouso não entre em movimento
1º ANO ENSINO MÉDIO;FÍSICA;Forças podem alterar o movimento retilíneo dos corpos
1º ANO ENSINO MÉDIO;FÍSICA;Princípio fundamental da dinâmica no estudo de movimentos retilíneos
1º ANO ENSINO MÉDIO;FÍSICA;Movimentos periódicos
1º ANO ENSINO MÉDIO;FÍSICA;Forças podem alterar o movimento circular dos corpos
1º ANO ENSINO MÉDIO;FÍSICA;Gravitação universal
1º ANO ENSINO MÉDIO;FÍSICA;Movimento dos corpos celestes
1º ANO ENSINO MÉDIO;FÍSICA;Grandezas básicas para o estudo da hidrostática
1º ANO ENSINO MÉDIO;FÍSICA;A pressão em diferentes pontos de um fluido
1º ANO ENSINO MÉDIO;FÍSICA;Fluidos aplicando forças
1º ANO ENSINO MÉDIO;FÍSICA;O movimento de um corpo antes, durante, depois de uma interação
1º ANO ENSINO MÉDIO;FÍSICA;Conservação da quantidade de movimento
1º ANO ENSINO MÉDIO;FÍSICA;Conceitos iniciais de Cinemática
1º ANO ENSINO MÉDIO;FÍSICA;Velocidade escalar média
1º ANO ENSINO MÉDIO;FÍSICA;Aceleração escalar média
1º ANO ENSINO MÉDIO;FÍSICA;O estudo do movimento uniforme
1º ANO ENSINO MÉDIO;FÍSICA;Movimentos com variação do vetor velocidade
1º ANO ENSINO MÉDIO;FÍSICA;O estudo do movimento uniformemente variado
1º ANO ENSINO MÉDIO;FÍSICA;Tipos de energia, suas transformações e conservações
1º ANO ENSINO MÉDIO;FÍSICA;As grandezas básicas para o estudo da dinâmica energética
1º ANO ENSINO MÉDIO;FÍSICA;Os teoremas base da dinâmica energética
1º ANO ENSINO MÉDIO;FÍSICA;Os sistemas conservativos
1º ANO ENSINO MÉDIO;FÍSICA;Potência
1º ANO ENSINO MÉDIO;FÍSICA;Movimentos verticais de corpos próximos à superfície da Terra
1º ANO ENSINO MÉDIO;FÍSICA;Lançamentos horizontais ou oblíquos de corpos próximos à superfície da Terra
1º ANO ENSINO MÉDIO;BIOLOGIA;Níveis de organização e conceitos de Ecologia
1º ANO ENSINO MÉDIO;BIOLOGIA;Nutrição dos ecossistemas
1º ANO ENSINO MÉDIO;BIOLOGIA;Dinâmica dos ecossistemas e representações gráficas
1º ANO ENSINO MÉDIO;BIOLOGIA;Ciclo do carbono
1º ANO ENSINO MÉDIO;BIOLOGIA;Ciclo do nitrogênio
1º ANO ENSINO MÉDIO;BIOLOGIA;Dinâmica de populações e de comunidades
1º ANO ENSINO MÉDIO;BIOLOGIA;Ecologia – Interações Ecológicas
1º ANO ENSINO MÉDIO;BIOLOGIA;Ecologia – Poluição
1º ANO ENSINO MÉDIO;BIOLOGIA;Ecologia – Biodiversidade
1º ANO ENSINO MÉDIO;BIOLOGIA;Taxonomia e Sistemática Filogenética
1º ANO ENSINO MÉDIO;BIOLOGIA;Diversidade Biológica – Reino Monera
1º ANO ENSINO MÉDIO;BIOLOGIA;Diversidade Biológica – Vírus
1º ANO ENSINO MÉDIO;BIOLOGIA;Diversidade Biológica – Reino Protista
1º ANO ENSINO MÉDIO;BIOLOGIA;Diversidade Biológica – Reino Fungi
1º ANO ENSINO MÉDIO;BIOLOGIA;Reino Plantae - Briófitas e Pteridófitas
1º ANO ENSINO MÉDIO;BIOLOGIA;Reino Plantae – Gimnospermas
1º ANO ENSINO MÉDIO;BIOLOGIA;Reino Plantae - Angiospermas - Origem e Reprodução
1º ANO ENSINO MÉDIO;BIOLOGIA;Reino Plantae - Angiospermas – Diversidade Biológica
1º ANO ENSINO MÉDIO;BIOLOGIA;Fisiologia Vegetal - Órgãos Vegetais, Crescimento e Nutrição Inorgânica
1º ANO ENSINO MÉDIO;BIOLOGIA;Fisiologia Vegetal -Trocas Gasosas, Transpiração e Condução de Seiva
1º ANO ENSINO MÉDIO;BIOLOGIA;Fisiologia Vegetal – Hormônios Vegetais e Fotoperiodismo
1º ANO ENSINO MÉDIO;BIOLOGIA;Biomas e Biogeografia
1º ANO ENSINO MÉDIO;BIOLOGIA;Introdução ao método científico e à origem da vida
1º ANO ENSINO MÉDIO;BIOLOGIA;Estrutura e tipos básicos de célula
1º ANO ENSINO MÉDIO;BIOLOGIA;A importância da água e dos sais minerais
1º ANO ENSINO MÉDIO;BIOLOGIA;Os carboidratos e os lipídios
1º ANO ENSINO MÉDIO;BIOLOGIA;Proteínas
1º ANO ENSINO MÉDIO;BIOLOGIA;Ácidos Nucleicos
1º ANO ENSINO MÉDIO;BIOLOGIA;Vitaminas
1º ANO ENSINO MÉDIO;BIOLOGIA;Metabolismo Celular – Membrana Plasmática e Transportes
1º ANO ENSINO MÉDIO;BIOLOGIA;Metabolismo Celular – Citoplasma
1º ANO ENSINO MÉDIO;BIOLOGIA;Bioenergética – Fermentação
1º ANO ENSINO MÉDIO;BIOLOGIA;Bioenergética - Respiração Celular
1º ANO ENSINO MÉDIO;BIOLOGIA;Bioenergética – Fotossíntese
1º ANO ENSINO MÉDIO;GEOGRAFIA;Noções espaciais
1º ANO ENSINO MÉDIO;GEOGRAFIA;Cartografia
1º ANO ENSINO MÉDIO;GEOGRAFIA;Brasil: território e fronteiras
1º ANO ENSINO MÉDIO;GEOGRAFIA;Fusos horários
1º ANO ENSINO MÉDIO;GEOGRAFIA;Decifrando o interior da Terra
1º ANO ENSINO MÉDIO;GEOGRAFIA;Rochas e minerais
1º ANO ENSINO MÉDIO;GEOGRAFIA;Construção do relevo
1º ANO ENSINO MÉDIO;GEOGRAFIA;Relevo do Brasil e análise dos solos
1º ANO ENSINO MÉDIO;GEOGRAFIA;Recursos minerais não energéticos no mundo e no Brasil
1º ANO ENSINO MÉDIO;GEOGRAFIA;Recursos minerais não energéticos no Brasil
1º ANO ENSINO MÉDIO;GEOGRAFIA;Tempo e clima
1º ANO ENSINO MÉDIO;GEOGRAFIA;Climas brasileiros
1º ANO ENSINO MÉDIO;GEOGRAFIA;Fenômenos atmosféricos
1º ANO ENSINO MÉDIO;GEOGRAFIA;Mudanças Climáticas
1º ANO ENSINO MÉDIO;GEOGRAFIA;Domínios vegetais
1º ANO ENSINO MÉDIO;GEOGRAFIA;Desmatamento e suas implicações
1º ANO ENSINO MÉDIO;GEOGRAFIA;Distribuição e a escassez de água na terra
1º ANO ENSINO MÉDIO;GEOGRAFIA;Bacias hidrográficas
1º ANO ENSINO MÉDIO;GEOGRAFIA;Domínios Morfoclimáticos
1º ANO ENSINO MÉDIO;GEOGRAFIA;Combustíveis Fósseis
1º ANO ENSINO MÉDIO;GEOGRAFIA;Energia elétrica no Brasil
1º ANO ENSINO MÉDIO;HISTÓRIA;Grécia Antiga
1º ANO ENSINO MÉDIO;HISTÓRIA;Roma Antiga
1º ANO ENSINO MÉDIO;HISTÓRIA;Alta Idade Média
1º ANO ENSINO MÉDIO;HISTÓRIA;Baixa Idade Média
1º ANO ENSINO MÉDIO;HISTÓRIA;Crise e expansão marítima
1º ANO ENSINO MÉDIO;HISTÓRIA;O mundo diante da expansão europeia
1º ANO ENSINO MÉDIO;HISTÓRIA;Renascimento cultural e Reforma religiosa
1º ANO ENSINO MÉDIO;HISTÓRIA;Absolutismo
1º ANO ENSINO MÉDIO;HISTÓRIA;Formação do Brasil colônia
1º ANO ENSINO MÉDIO;HISTÓRIA;Brasil: administração colonial
1º ANO ENSINO MÉDIO;HISTÓRIA;Brasil: Cultura, integração e resistência
1º ANO ENSINO MÉDIO;HISTÓRIA;Brasil: Guerra e acomodação
1º ANO ENSINO MÉDIO;HISTÓRIA;América Colonial: América inglesa
1º ANO ENSINO MÉDIO;HISTÓRIA;América Colonial: o mundo atlântico
1º ANO ENSINO MÉDIO;HISTÓRIA;Brasil: formação territorial
1º ANO ENSINO MÉDIO;HISTÓRIA;Brasil: mineração colonial
1º ANO ENSINO MÉDIO;HISTÓRIA;América colonial: mineração e administração
1º ANO ENSINO MÉDIO;HISTÓRIA;Brasil: guerra e agitação
1º ANO ENSINO MÉDIO;HISTÓRIA;Idade Moderna: pensamento político (XVII, XVIII)
1º ANO ENSINO MÉDIO;HISTÓRIA;Idade Moderna: crise do Antigo Sistema Colonial
1º ANO ENSINO MÉDIO;HISTÓRIA;Idade Moderna: crise do Antigo Sistema Colonial (EUA)
1º ANO ENSINO MÉDIO;HISTÓRIA;Revolução Industrial
1º ANO ENSINO MÉDIO;HISTÓRIA;Idade Contemporânea: Revolução Francesa e criação da ordem liberal
1º ANO ENSINO MÉDIO;HISTÓRIA;Idade Contemporânea: independências na América espanhola
1º ANO ENSINO MÉDIO;HISTÓRIA;Independência do Brasil: período joanino
1º ANO ENSINO MÉDIO;HISTÓRIA;Independência do Brasil: regência de Pedro I
1º ANO ENSINO MÉDIO;HISTÓRIA;Formação do Estado brasileiro: 1º Reinado e período regencial
1º ANO ENSINO MÉDIO;FILOSOFIA;Introdução à Filosofia
1º ANO ENSINO MÉDIO;FILOSOFIA;O que é Filosofia?
1º ANO ENSINO MÉDIO;FILOSOFIA;Mito e Filosofia
1º ANO ENSINO MÉDIO;FILOSOFIA;Os pré-socráticos
1º ANO ENSINO MÉDIO;FILOSOFIA;Sócrates e o nascimento da Filosofia
1º ANO ENSINO MÉDIO;FILOSOFIA;Teoria do conhecimento
1º ANO ENSINO MÉDIO;FILOSOFIA;Platão e o mundo das ideias
1º ANO ENSINO MÉDIO;FILOSOFIA;Aristóteles e o mundo sensível
1º ANO ENSINO MÉDIO;FILOSOFIA;Filosofia medieval
1º ANO ENSINO MÉDIO;FILOSOFIA;As ciências
1º ANO ENSINO MÉDIO;FILOSOFIA;Descartes e o racionalismo
1º ANO ENSINO MÉDIO;FILOSOFIA;O empirismo
1º ANO ENSINO MÉDIO;FILOSOFIA;Kant e o criticismo
1º ANO ENSINO MÉDIO;FILOSOFIA;Introdução à Lógica
1º ANO ENSINO MÉDIO;FILOSOFIA;A verdade
1º ANO ENSINO MÉDIO;FILOSOFIA;SOCIOLOGIA
1º ANO ENSINO MÉDIO;FILOSOFIA;Indivíduo e sociedade
1º ANO ENSINO MÉDIO;FILOSOFIA;Coerções sociais
1º ANO ENSINO MÉDIO;FILOSOFIA;Instituições sociais
1º ANO ENSINO MÉDIO;FILOSOFIA;Identidade e alteridade
1º ANO ENSINO MÉDIO;FILOSOFIA;Estratificação social
1º ANO ENSINO MÉDIO;FILOSOFIA;Liberdade, propriedade, fraternidade
1º ANO ENSINO MÉDIO;FILOSOFIA;Indivíduo e sociedade
1º ANO ENSINO MÉDIO;FILOSOFIA;Coerções sociais
1º ANO ENSINO MÉDIO;FILOSOFIA;Instituições sociais
1º ANO ENSINO MÉDIO;FILOSOFIA;Identidade e alteridade
1º ANO ENSINO MÉDIO;FILOSOFIA;Estratificação social
1º ANO ENSINO MÉDIO;FILOSOFIA;Liberdade, propriedade, fraternidade
1º ANO ENSINO MÉDIO;CICLO ACADÊMICO BÁSICO;Prática de argumentação
1º ANO ENSINO MÉDIO;CICLO ACADÊMICO BÁSICO;Problema e suas causas
1º ANO ENSINO MÉDIO;CICLO ACADÊMICO BÁSICO;Buscando informações em textos de apoio
1º ANO ENSINO MÉDIO;CICLO ACADÊMICO BÁSICO;História e atualidades – contextualização
1º ANO ENSINO MÉDIO;CICLO ACADÊMICO BÁSICO;Debate – contextualização
1º ANO ENSINO MÉDIO;CICLO ACADÊMICO BÁSICO;Causas e consequências
1º ANO ENSINO MÉDIO;CICLO ACADÊMICO BÁSICO;Proposta de intervenção: agente e ação
1º ANO ENSINO MÉDIO;CICLO ACADÊMICO BÁSICO;Proposta de intervenção: finalidade
1º ANO ENSINO MÉDIO;CICLO ACADÊMICO BÁSICO;Articulando ideia: coesão referencial
1º ANO ENSINO MÉDIO;CICLO ACADÊMICO BÁSICO;Articulando ideia: coesão sequencial
1º ANO ENSINO MÉDIO;CICLO ACADÊMICO BÁSICO;Estabelecendo analogias
1º ANO ENSINO MÉDIO;CICLO ACADÊMICO BÁSICO;Elaborando paráfrases
1º ANO ENSINO MÉDIO;CICLO ACADÊMICO BÁSICO;Intertextualidade e repertório pessoal
1º ANO ENSINO MÉDIO;CICLO ACADÊMICO BÁSICO;Núcleo de investigação Matemática
1º ANO ENSINO MÉDIO;CICLO ACADÊMICO BÁSICO;Introdução à teoria dos conjuntos
1º ANO ENSINO MÉDIO;CICLO ACADÊMICO BÁSICO;Os conjuntos e a lógica matemática
1º ANO ENSINO MÉDIO;CICLO ACADÊMICO BÁSICO;Sistemas de numeração
1º ANO ENSINO MÉDIO;CICLO ACADÊMICO BÁSICO;Múltiplos e divisores
1º ANO ENSINO MÉDIO;CICLO ACADÊMICO BÁSICO;Um enfoque algébrico à proporcionalidade
1º ANO ENSINO MÉDIO;CICLO ACADÊMICO BÁSICO;Estudo de sinal de funções
1º ANO ENSINO MÉDIO;CICLO ACADÊMICO BÁSICO;Transformações em gráficos de funções
1º ANO ENSINO MÉDIO;CICLO ACADÊMICO BÁSICO;Fenômenos periódicos
1º ANO ENSINO MÉDIO;CICLO ACADÊMICO BÁSICO;Módulo de um número real
1º ANO ENSINO MÉDIO;CICLO ACADÊMICO BÁSICO;NÚCLEO DE ESTUDOS EM LINGUAGENS E CIÊNCIAS HUMANAS
1º ANO ENSINO MÉDIO;CICLO ACADÊMICO BÁSICO;Oficina de Literatura
1º ANO ENSINO MÉDIO;CICLO ACADÊMICO BÁSICO;Literatura e nacionalismo
1º ANO ENSINO MÉDIO;CICLO ACADÊMICO BÁSICO;O herói
1º ANO ENSINO MÉDIO;CICLO ACADÊMICO BÁSICO;Opressores e oprimidos na literatura
1º ANO ENSINO MÉDIO;CICLO ACADÊMICO BÁSICO;Bem x Mal
1º ANO ENSINO MÉDIO;CICLO ACADÊMICO BÁSICO;Personagens femininas
1º ANO ENSINO MÉDIO;CICLO ACADÊMICO BÁSICO;Lutas sociais
1º ANO ENSINO MÉDIO;CICLO ACADÊMICO BÁSICO;Figurações do escravo na literatura brasileira
1º ANO ENSINO MÉDIO;CICLO ACADÊMICO BÁSICO;Liberdade estética: plano formal
1º ANO ENSINO MÉDIO;CICLO ACADÊMICO BÁSICO;Utopias e distopias
1º ANO ENSINO MÉDIO;CICLO ACADÊMICO BÁSICO;Criação e estudos de Artes
1º ANO ENSINO MÉDIO;CICLO ACADÊMICO BÁSICO;Arte e Imagens: Espaços de representação, conflito e intervenção social
1º ANO ENSINO MÉDIO;CICLO ACADÊMICO BÁSICO;Artistas e lugares de representação, produção e fala
1º ANO ENSINO MÉDIO;CICLO ACADÊMICO BÁSICO;Artes e espaços de ancestralidade, intercâmbio e mestiçamento
1º ANO ENSINO MÉDIO;CICLO ACADÊMICO BÁSICO;Artes e espaços de poder, ressignificação e resistência
1º ANO ENSINO MÉDIO;CICLO ACADÊMICO BÁSICO;Projeto de Produção em Artes
1º ANO ENSINO MÉDIO;CICLO ACADÊMICO BÁSICO;Arte multimídia ou online: universo de possibilidades
1º ANO ENSINO MÉDIO;CICLO ACADÊMICO BÁSICO;Artes corporais: cênicas, performáticas e musicais
1º ANO ENSINO MÉDIO;CICLO ACADÊMICO BÁSICO;Artes audiovisuais: cinema, vídeos, música
1º ANO ENSINO MÉDIO;CICLO ACADÊMICO BÁSICO;Projeto de
1º ANO ENSINO MÉDIO;CICLO ACADÊMICO BÁSICO;Produção em artes: multimídia, corpo físico e virtual
1º ANO ENSINO MÉDIO;CICLO ACADÊMICO BÁSICO;Núcleo de análises historiográficas
1º ANO ENSINO MÉDIO;CICLO ACADÊMICO BÁSICO;Conceito de cultura
1º ANO ENSINO MÉDIO;CICLO ACADÊMICO BÁSICO;Hegemonia e guerras
1º ANO ENSINO MÉDIO;CICLO ACADÊMICO BÁSICO;Patrimônio Histórico
1º ANO ENSINO MÉDIO;CICLO ACADÊMICO BÁSICO;Identidade
1º ANO ENSINO MÉDIO;CICLO ACADÊMICO BÁSICO;Artes visuais
1º ANO ENSINO MÉDIO;CICLO ACADÊMICO BÁSICO;Museus
1º ANO ENSINO MÉDIO;CICLO ACADÊMICO BÁSICO;Músicas
1º ANO ENSINO MÉDIO;CICLO ACADÊMICO BÁSICO;Imagem e Movimento
1º ANO ENSINO MÉDIO;CICLO ACADÊMICO BÁSICO;Indústria Cultural
1º ANO ENSINO MÉDIO;CICLO ACADÊMICO BÁSICO;Poder
1º ANO ENSINO MÉDIO;CICLO ACADÊMICO BÁSICO;Controle Social
1º ANO ENSINO MÉDIO;CICLO ACADÊMICO BÁSICO;Discurso de ódio
1º ANO ENSINO MÉDIO;CICLO ACADÊMICO BÁSICO;Domínio e correção
1º ANO ENSINO MÉDIO;CICLO ACADÊMICO BÁSICO;Gêneros
1º ANO ENSINO MÉDIO;CICLO ACADÊMICO BÁSICO;Além das classes sociais
1º ANO ENSINO MÉDIO;CICLO ACADÊMICO BÁSICO;Movimentos no século XXI
1º ANO ENSINO MÉDIO;CICLO ACADÊMICO BÁSICO;Observatório Geográfico
1º ANO ENSINO MÉDIO;CICLO ACADÊMICO BÁSICO;Calculando a pegada ecológica
1º ANO ENSINO MÉDIO;CICLO ACADÊMICO BÁSICO;Componentes da pegada ecológica
1º ANO ENSINO MÉDIO;CICLO ACADÊMICO BÁSICO;Sociedade e consumo
1º ANO ENSINO MÉDIO;CICLO ACADÊMICO BÁSICO;Formas de consumo
1º ANO ENSINO MÉDIO;CICLO ACADÊMICO BÁSICO;Pegada do carbono
1º ANO ENSINO MÉDIO;CICLO ACADÊMICO BÁSICO;Pegada hídrica
1º ANO ENSINO MÉDIO;CICLO ACADÊMICO BÁSICO;Economia verde
1º ANO ENSINO MÉDIO;CICLO ACADÊMICO BÁSICO;Sustentabilidade
1º ANO ENSINO MÉDIO;CICLO ACADÊMICO BÁSICO;Conflitos internacionais
1º ANO ENSINO MÉDIO;CICLO ACADÊMICO BÁSICO;Guerras Civis
1º ANO ENSINO MÉDIO;CICLO ACADÊMICO BÁSICO;Crises humanitárias
1º ANO ENSINO MÉDIO;CICLO ACADÊMICO BÁSICO;Disputas territoriais
1º ANO ENSINO MÉDIO;CICLO ACADÊMICO BÁSICO;Movimentos separatistas
1º ANO ENSINO MÉDIO;CICLO ACADÊMICO BÁSICO;Movimentos sectários
1º ANO ENSINO MÉDIO;CICLO ACADÊMICO BÁSICO;NÚCLEO DE ESTUDOS EM CIÊNCIAS DA NATUREZA
1º ANO ENSINO MÉDIO;CICLO ACADÊMICO BÁSICO;Observatório de fenômenos biológicos
1º ANO ENSINO MÉDIO;CICLO ACADÊMICO BÁSICO;Pesticidas
1º ANO ENSINO MÉDIO;CICLO ACADÊMICO BÁSICO;Esgoto, Saneamento Básico e Lixo Urbano
1º ANO ENSINO MÉDIO;CICLO ACADÊMICO BÁSICO;Mineração e Barragens
1º ANO ENSINO MÉDIO;CICLO ACADÊMICO BÁSICO;Matriz Energética e Energia Limpa
1º ANO ENSINO MÉDIO;CICLO ACADÊMICO BÁSICO;Aquecimento Global
1º ANO ENSINO MÉDIO;CICLO ACADÊMICO BÁSICO;Crise Hídrica
1º ANO ENSINO MÉDIO;CICLO ACADÊMICO BÁSICO;Fragmentação de Ecossistemas
1º ANO ENSINO MÉDIO;CICLO ACADÊMICO BÁSICO;Espécies Ameaçadas e a Conservação da Biodiversidade
1º ANO ENSINO MÉDIO;CICLO ACADÊMICO BÁSICO;Espécies Ameaçadas e a Conservação da Biodiversidade
1º ANO ENSINO MÉDIO;CICLO ACADÊMICO BÁSICO;Consumo e Produção Sustentáveis
1º ANO ENSINO MÉDIO;CICLO ACADÊMICO BÁSICO;Biotecnologia Clássica
1º ANO ENSINO MÉDIO;CICLO ACADÊMICO BÁSICO;Manipulação Genética – Transgênicos
1º ANO ENSINO MÉDIO;CICLO ACADÊMICO BÁSICO;Manipulação Genética - Silenciamento Gênico
1º ANO ENSINO MÉDIO;CICLO ACADÊMICO BÁSICO;Clonagem Reprodutiva
1º ANO ENSINO MÉDIO;CICLO ACADÊMICO BÁSICO;Clonagem Terapêutica e Terapia Celular
1º ANO ENSINO MÉDIO;CICLO ACADÊMICO BÁSICO;Bioética
1º ANO ENSINO MÉDIO;CICLO ACADÊMICO BÁSICO;Análise e investigações químicas
1º ANO ENSINO MÉDIO;CICLO ACADÊMICO BÁSICO;Introdução aos Cosméticos
1º ANO ENSINO MÉDIO;CICLO ACADÊMICO BÁSICO;A indústria e os padrões de beleza
1º ANO ENSINO MÉDIO;CICLO ACADÊMICO BÁSICO;Regiões de aplicação
1º ANO ENSINO MÉDIO;CICLO ACADÊMICO BÁSICO;Funções orgânicas e suas propriedades nos cosméticos
1º ANO ENSINO MÉDIO;CICLO ACADÊMICO BÁSICO;Coloides e soluções cosméticos
1º ANO ENSINO MÉDIO;CICLO ACADÊMICO BÁSICO;Produtos para cabelo
1º ANO ENSINO MÉDIO;CICLO ACADÊMICO BÁSICO;Hidratantes e protetores solares
1º ANO ENSINO MÉDIO;CICLO ACADÊMICO BÁSICO;Cremes dentais
1º ANO ENSINO MÉDIO;CICLO ACADÊMICO BÁSICO;Maquiagem
1º ANO ENSINO MÉDIO;CICLO ACADÊMICO BÁSICO;Perfumes e desodorantes
1º ANO ENSINO MÉDIO;CICLO ACADÊMICO BÁSICO;Tecnologia de produção
1º ANO ENSINO MÉDIO;CICLO ACADÊMICO BÁSICO;Nanomateriais
1º ANO ENSINO MÉDIO;CICLO ACADÊMICO BÁSICO;Polímeros e materiais compósitos poliméricos
1º ANO ENSINO MÉDIO;CICLO ACADÊMICO BÁSICO;Biomateriais
1º ANO ENSINO MÉDIO;CICLO ACADÊMICO BÁSICO;Catalisadores
1º ANO ENSINO MÉDIO;CICLO ACADÊMICO BÁSICO;Supercondutores
1º ANO ENSINO MÉDIO;CICLO ACADÊMICO BÁSICO;Oficina de Física investigativa
1º ANO ENSINO MÉDIO;CICLO ACADÊMICO BÁSICO;Aterrissando ovos em segurança
1º ANO ENSINO MÉDIO;CICLO ACADÊMICO BÁSICO;Dá pra quebrar uma régua usando jornal?
1º ANO ENSINO MÉDIO;CICLO ACADÊMICO BÁSICO;Calculando a velocidade da luz
1º ANO ENSINO MÉDIO;CICLO ACADÊMICO BÁSICO;Cabo de guerra elétrico
1º ANO ENSINO MÉDIO;CICLO ACADÊMICO BÁSICO;Tempestades elétricas
1º ANO ENSINO MÉDIO;CICLO ACADÊMICO BÁSICO;Desvendando as cores da luz
1º ANO ENSINO MÉDIO;CICLO ACADÊMICO BÁSICO;Como colocar um copo cheio de água de cabeça para baixo?
1º ANO ENSINO MÉDIO;CICLO ACADÊMICO BÁSICO;Quantos graus têm meus óculos?
1º ANO ENSINO MÉDIO;CICLO ACADÊMICO BÁSICO;Do que é feita a matéria?
1º ANO ENSINO MÉDIO;CICLO ACADÊMICO BÁSICO;Luz é onda ou partícula?
1º ANO ENSINO MÉDIO;CICLO ACADÊMICO BÁSICO;Decaimentos radioativos
1º ANO ENSINO MÉDIO;CICLO ACADÊMICO BÁSICO;A radiação do meio ambiente
1º ANO ENSINO MÉDIO;CICLO ACADÊMICO BÁSICO;Investigando o núcleo atômico
1º ANO ENSINO MÉDIO;CICLO ACADÊMICO BÁSICO;LED: fonte de luz ou painel fotovoltaíco?
